,time,target,size,length,redundancy,wracc,coverage,confidence,odd
0,1.0127182000005632,EI,5,8.2,0.6658088235294117,0.03345279625789842,0.06112852664576803,0.9073056994818653,4.0
1,0.8928290000003472,IE,4,10.75,0.7146358543417367,0.03596191075166321,0.10062695924764889,0.89921875,4.0
2,4.805039500000021,N,5,1.8,0.8,0.03461886184294573,0.09109717868338559,0.9194913899641213,4.0
