time,target,size,length,redundancy,wracc,coverage,confidence,odd
0.3637306999999055,EI,3,1.6666666666666667,0.17666666666666667,0.11812308579252695,0.28620689655172415,0.6648965125153089,3.3333333333333335
1.240506600000117,IE,13,2.5384615384615388,0.3150213675213675,0.054401588034708785,0.12199180130214614,0.723485018293313,4.0
2.1844924999995783,N,19,2.2105263157894735,0.10234892787524366,0.01719847692658598,0.050965187262827914,0.9297216927047286,3.7368421052631584
