time,target,size,length,redundancy,wracc,coverage,confidence,odd
0.4015610999999808,EI,4,2.0,0.2322222222222222,0.1123370446438223,0.253448275862069,0.7118036975177947,3.5
1.3953056000000288,IE,15,2.6666666666666665,0.32706349206349206,0.05073363403792547,0.11210031347962383,0.737789972578839,4.0
2.202046800000005,N,20,2.25,0.10912280701754383,0.0164679494108745,0.04862068965517241,0.9345343093681933,3.75
