,time,size,length,redundancy,wracc,coverage,confidence,odd
0,7.107888899999125,62,2.532258064516129,0.32929894179894176,0.005640547379993162,0.14323996359591465,0.43014664920555085,2.193548387096774
