time,target,size,length,redundancy,wracc,coverage,confidence,odd
306.4681129999999,win,106,3.575471698113208,0.1733153638814016,0.007026020864646643,0.03888735745440398,0.8963471910660401,3.056603773584906
72.69434230000024,draw,36,2.7777777777777777,0.16211640211640208,0.0038966443153461796,0.117753650004194,0.18564414802167067,1.7777777777777777
286.2047064000003,loss,101,3.9207920792079207,0.21555445544554452,0.006068417719638034,0.02153971336562583,0.6022156545955629,3.0297029702970297
