,time,target,size,length,redundancy,wracc,coverage,confidence,odd
0,53.402,win,50,2.64,0.13212925170068027,0.016817169361378538,0.14272125760468937,0.7980220602133647,2.08
1,54.76,draw,50,2.93,0.14854761904761904,0.010964673604913176,0.1737235223588969,0.46270799000033114,1.65
2,57.896,loss,50,2.92,0.138734693877551,0.013038309194903406,0.1575544601842395,0.44485692927500947,1.7866666666666666
