,time,size,length,redundancy,wracc,coverage,confidence,odd
0,398.45524879999994,1024,4.1318359375,0.1357236481771042,9.541207774467252e-05,0.009298903957954024,0.377373012405148,1.994140625
