time,target,size,length,redundancy,wracc,coverage,confidence,odd
46.4670057999997,a,50,1.64,0.05612244897959183,0.004921684170041,0.3495235186316432,0.9694363082627968,2.46
89.01989389999972,b,58,2.3620689655172415,0.16383645896350074,0.006680901953250506,0.1237510444533384,0.19255782067940352,2.913793103448276
