,time,target,size,length,redundancy,wracc,coverage,confidence,odd
0,9.394,a,50,2.44,0.1589863945578231,0.006948346003786964,0.24823661168804725,0.969762601713895,2.04
1,8.712,b,50,2.31,0.18404761904761904,0.008076706321411364,0.2090226023213195,0.5468853563011126,2.09
