,time,size,length,redundancy,wracc,coverage,confidence,odd
0,14.09207779999997,14,2.5714285714285716,0.12817460317460316,-4.08899105051676e-18,0.09974692381534166,0.5,2.2857142857142856
