time,target,size,length,redundancy,wracc,coverage,confidence,odd
47.12496109999938,win,38,3.289473684210526,0.2177584163110479,0.008051246667757505,0.04022139588947501,0.8961799495838332,3.1315789473684212
8.298452500000167,draw,15,2.4,0.1355952380952381,0.0039922737666140155,0.11250746283385388,0.15516516733861946,1.6
37.483932499999355,loss,31,3.32258064516129,0.26440860215053763,0.007459581933402813,0.02513480850340477,0.618022860491307,3.0
