,time,target,size,length,redundancy,wracc,coverage,confidence,odd
0,3.8269335999993928,b,5,7.8,0.8930021367521368,0.03036607676224611,0.1603494623655914,0.9736226843452724,3.4
1,3.136507499999425,c,5,5.8,0.7308333333333333,0.031025363401035438,0.04883512544802868,0.7388301579019749,3.6
