time,target,size,length,redundancy,wracc,coverage,confidence,odd
8.294769200000019,b,48,3.6875,0.24540927895981085,0.11924673364280497,0.624449298088411,0.9906717381253811,4.0
3.4783027999999945,c,27,2.8148148148148144,0.19601614434947767,0.08547114916589227,0.14655515730784546,0.8521567625540809,4.0
