time,target,size,length,redundancy,wracc,coverage,confidence,odd
8.72869609999998,b,43,3.9069767441860463,0.23569213732004435,0.11462030727589302,0.5911373676752522,0.9932986426984158,4.0
3.1727467999999135,c,26,2.8076923076923075,0.1975641025641026,0.08588490689045124,0.14921939619520264,0.8532603607482131,4.0
