,time,size,length,redundancy,wracc,coverage,confidence,odd
0,2.034408600000461,26,2.923076923076923,0.36632553606237817,0.009360077677449986,0.14877136752136752,0.6900635450663586,2.9615384615384617
