,time,target,size,length,redundancy,wracc,coverage,confidence,odd
0,1.0199874999998428,p,5,3.0,1.2666666666666666,0.06656353841890869,0.12850812407680948,1.0,4.0
1,0.825624400000379,e,3,1.6666666666666667,1.0,0.08067534860733634,0.17758083046118497,0.9886621315192743,4.0
