time,target,size,length,redundancy,wracc,coverage,confidence,odd
2.4884092000002056,p,15,1.7333333333333334,0.08658730158730157,0.08951399378887057,0.18181519776793043,0.988076880469702,4.0
3.2088540000004286,e,17,2.1176470588235294,0.13990196078431377,0.08821105859439356,0.19393518116256842,0.9860574644269531,4.0
