,time,size,length,redundancy,wracc,coverage,confidence,odd
0,0.13802859999941575,15,1.1333333333333333,0.31318681318681324,0.028436082991653344,0.207845068110947,0.7993446674472864,3.2
