,time,target,size,length,redundancy,wracc,coverage,confidence,odd
0,0.020074200000000042,p,118,2.694915254237288,0.9097976725095369,0.024097131782230018,0.06189236328434686,0.9807128690618909,3.9322033898305087
1,0.019597499999999934,e,140,2.6589147286821704,0.8876670092497432,0.022042337599249163,0.05813953488372093,0.9675212577936132,3.8488372093023258
