time,target,size,length,redundancy,wracc,coverage,confidence,odd
0.187477299999955,won,2,2.0,0.01,0.12153768751928645,0.30021902377972465,0.947565543071161,4.0
0.21722630000022036,nowin,4,2.5,0.1488888888888889,0.06398097062034677,0.13180538172715894,0.9686289194091733,4.0
