time,target,size,length,redundancy,wracc,coverage,confidence,odd
69.94752299999982,b,50,3.52,0.1956360544217687,0.11202788978494621,0.6426612903225805,0.9785148965707412,4.0
88.77287770000021,c,75,2.8133333333333335,0.13665165165165166,0.0787939109584495,0.13247013142174432,0.8539064796247935,4.0
