,time,target,size,length,redundancy,wracc,coverage,confidence,odd
0,10.759,b,50,3.14,0.044136054421768704,0.023243074223416954,0.17372311827956988,0.9459593896411956,3.16
1,10.789,c,50,2.7,0.05147619047619049,0.039697845106531265,0.1661133512544803,0.8233325328235931,3.44
