,time,size,length,redundancy,wracc,coverage,confidence,odd
0,21.335845199999994,14,2.857142857142857,0.03566919191919191,0.0328183225948683,0.16010624679979518,0.7708692080871071,3.2857142857142856
