,time,target,size,length,redundancy,wracc,coverage,confidence,odd
0,4.268573700000161,p,5,12.8,0.5734310919343814,0.04812166708970096,0.1050713934022649,0.9556594462625319,3.8
1,3.09245220000048,e,3,9.666666666666666,0.4541666666666666,0.08067534860733633,0.177580830461185,0.9886621315192743,4.0
