time,target,size,length,redundancy,wracc,coverage,confidence,odd
8.414250899999843,p,23,2.347826086956522,0.11531949934123849,0.10386505577818217,0.20738338364052833,0.9893568257539856,4.0
10.801079699999718,e,35,2.8,0.20044117647058818,0.08784166167181424,0.19434479848069214,0.9816233124711982,4.0
