,time,target,size,length,redundancy,wracc,coverage,confidence,odd
0,8.403,p,50,2.84,0.14079931972789111,0.05933580462942558,0.15208271787296898,0.9344373166043173,3.76
1,8.032,e,50,2.74,0.1613095238095238,0.06069201381540335,0.16001477104874445,0.9285514270352635,3.75
