,time,size,length,redundancy,wracc,coverage,confidence,odd
0,2.6711775000001126,12,1.25,0.04924242424242425,0.013580047585096363,0.36065977351058587,0.6715623805665158,2.4166666666666665
