,time,target,size,length,redundancy,wracc,coverage,confidence,odd
0,174.01094439999997,a,5,2.4,0.6041666666666666,0.024574090354804467,0.12296266825807307,0.9436959440350314,3.4
1,60.10924400000022,b,5,1.8,0.10833333333333332,0.026896989969875596,0.10667727604270275,0.7879957161591331,4.0
