time,target,size,length,redundancy,wracc,coverage,confidence,odd
74.6128432999999,a,34,2.941176470588235,0.32201723113487823,0.028488427010849224,0.17501374928328203,0.9489788547063285,3.558823529411765
33.632691799999975,b,19,2.6842105263157894,0.22637426900584795,0.02251786227938408,0.07650441999169397,0.722403710664741,3.7368421052631584
