,time,target,size,length,redundancy,wracc,coverage,confidence,odd
0,29.252,a,50,2.44,0.22531972789115645,0.022777926412631606,0.14683641668324382,0.9383473421723868,3.38
1,27.344,b,50,2.27,0.20777891156462583,0.022557910994793838,0.1277352297592998,0.7423062048052307,3.1
