,time,size,length,redundancy,wracc,coverage,confidence,odd
0,45.73287280000022,174,2.5919540229885056,0.16794274566013692,4.375054781949033e-05,0.026719888845445315,0.5242755702043863,2.4195402298850577
