time,target,size,length,redundancy,wracc,coverage,confidence,odd
38.49071569999978,a,33,3.090909090909091,0.3193434343434343,0.024537705276990635,0.15617081899158686,0.9479817094289309,3.5454545454545454
17.81278039999961,b,17,2.5882352941176467,0.27332720588235293,0.024129570096588258,0.08331870643622478,0.7356861481390741,3.705882352941176
