time,target,size,length,redundancy,wracc,coverage,confidence,odd
36.90840659999992,a,29,2.9655172413793105,0.32727216748768473,0.029029371085092192,0.1838908972010911,0.9431086767062852,3.4827586206896552
17.123275000000035,b,16,2.5625,0.30791666666666667,0.02648385748652786,0.09018798488163915,0.7186277335454719,3.6875
