,time,target,size,length,redundancy,wracc,coverage,confidence,odd
0,4.7735185999999885,EI,5,20.0,0.26023944193061843,0.033515492182663295,0.061128526645768025,0.9573056994818654,4.0
1,12.686741200000142,IE,3,24.0,0.2125,0.047949214335550945,0.1341692789968652,0.865625,4.0
2,796.5720982000003,N,5,1.8,0.4,0.03461886184294573,0.09109717868338559,0.9194913899641213,4.0
