time,target,size,length,redundancy,wracc,coverage,confidence,odd
3.61009439999998,EI,7,2.0,0.26,0.11228646394142017,0.24523063143752796,0.7192929781671566,3.7142857142857144
26.363334799999848,IE,62,2.709677419354839,0.2608152652917328,0.0399683508892278,0.09851855597128122,0.7058749965048008,3.870967741935484
119.97005440000021,N,186,2.8655913978494625,0.06930930930930931,0.007166238032125243,0.01711329086190043,0.9510604737579668,3.956989247311828
