,time,target,size,length,redundancy,wracc,coverage,confidence,odd
0,4.57,EI,50,2.04,0.24421768707482994,0.05399014553709181,0.15273981191222571,0.6202963867542586,3.56
1,4.72,IE,50,2.03,0.36187074829931976,0.0544218177887403,0.15582131661442003,0.6056826966944782,3.52
2,4.565,N,50,1.78,0.052244897959183675,0.045396996229727836,0.15444723092998955,0.6594750384015429,3.22
