,time,size,length,redundancy,wracc,coverage,confidence,odd
0,30.59266330000014,57,2.7017543859649122,0.16344871794871796,0.006838586526358546,0.10826046306990048,0.4392154564904898,2.210526315789474
