,time,target,size,length,redundancy,wracc,coverage,confidence,odd
0,2316.396428,a,5,6.8,0.6375,0.003721763579870746,0.1616982284667074,0.9715535465302475,1.8
1,139.6320764000002,b,5,9.4,1.1282967032967033,0.0044209283213092875,0.07299938912645082,0.11583349270991403,1.8
