time,target,size,length,redundancy,wracc,coverage,confidence,odd
21.7658093,a,37,1.6216216216216217,0.039592092092092086,0.0038434344589091266,0.31831740109076706,0.9681950807138161,2.378378378378378
58.4494966000002,b,46,2.7391304347826084,0.12159420289855073,0.005547269546809286,0.07243942170637345,0.20932964113565988,2.8695652173913047
