,time,size,length,redundancy,wracc,coverage,confidence,odd
0,2.9537411999999676,12,1.5,0.3666666666666667,-5.204170427930421e-18,0.11280798208104258,0.5,1.75
