,time,target,size,length,redundancy,wracc,coverage,confidence,odd
0,917.075087,won,4,14.75,0.5447727272727273,0.06315466297828481,0.15362953692115142,0.9753016591251885,4.0
1,3589.9501713000004,nowin,5,15.6,0.5900641025641027,0.04565496451290021,0.10300375469336671,0.9331110846529349,3.6
