time,target,size,length,redundancy,wracc,coverage,confidence,odd
0.6267656999998508,won,6,1.8333333333333335,0.1766666666666667,0.08890036721955843,0.48414685022945353,0.8036812056680199,3.833333333333333
0.7785501000003023,nowin,10,2.1,0.1859259259259259,0.06079498818140949,0.2147997496871089,0.8761916547533417,3.6
