,time,target,size,length,redundancy,wracc,coverage,confidence,odd
0,7.307,won,50,4.06,0.2348673469387755,0.0616322910678398,0.28610137672090113,0.7640522997606766,2.76
1,6.782,nowin,50,3.71,0.272156462585034,0.05979129496977605,0.2520588235294117,0.7876030132867742,2.96
