,time,size,length,redundancy,wracc,coverage,confidence,odd
0,5.0110036999999465,20,2.0,0.057812499999999996,0.030050293624226777,0.28789111389236544,0.6822420663129855,2.25
